GRID_TYPE,GAME_ID,GAME_EVENT_ID,PLAYER_ID,PLAYER_NAME,TEAM_ID,TEAM_NAME,PERIOD,MINUTES_REMAINING,SECONDS_REMAINING,EVENT_TYPE,ACTION_TYPE,SHOT_TYPE,SHOT_ZONE_BASIC,SHOT_ZONE_AREA,SHOT_ZONE_RANGE,SHOT_DISTANCE,LOC_X,LOC_Y,SHOT_ATTEMPTED_FLAG,SHOT_MADE_FLAG,GAME_DATE,HTM,VTM,SEASON
Shot Chart Detail,1021600005,3,200673,Monique Currie,1611661319,San Antonio Stars,1,9,24,Missed Shot,Layup Shot,2PT Field Goal,Restricted Area,Center(C),Less Than 8 ft.,2.0,24.0,11.0,1,0,20160514,SAN,ATL,2016-17
Shot Chart Detail,1021600005,49,200673,Monique Currie,1611661319,San Antonio Stars,1,5,16,Made Shot,Pullup Jump shot,2PT Field Goal,Mid-Range,Right Side Center(RC),16-24 ft.,17.0,116.0,129.0,1,1,20160514,SAN,ATL,2016-17
Shot Chart Detail,1021600005,69,200673,Monique Currie,1611661319,San Antonio Stars,1,3,7,Missed Shot,Jump Shot,2PT Field Goal,Mid-Range,Left Side Center(LC),16-24 ft.,17.0,-71.0,156.0,1,0,20160514,SAN,ATL,2016-17
Shot Chart Detail,1021600005,197,200673,Monique Currie,1611661319,San Antonio Stars,2,1,51,Missed Shot,Jump Shot,3PT Field Goal,Above the Break 3,Right Side Center(RC),24+ ft.,24.0,141.0,197.0,1,0,20160514,SAN,ATL,2016-17
Shot Chart Detail,1021600005,223,200673,Monique Currie,1611661319,San Antonio Stars,3,8,59,Made Shot,Jump Shot,3PT Field Goal,Above the Break 3,Right Side Center(RC),24+ ft.,24.0,140.0,197.0,1,1,20160514,SAN,ATL,2016-17
Shot Chart Detail,1021600005,238,200673,Monique Currie,1611661319,San Antonio Stars,3,7,3,Missed Shot,Jump Shot,2PT Field Goal,Mid-Range,Right Side(R),16-24 ft.,18.0,157.0,101.0,1,0,20160514,SAN,ATL,2016-17
Shot Chart Detail,1021600005,240,200673,Monique Currie,1611661319,San Antonio Stars,3,6,53,Missed Shot,Jump Shot,2PT Field Goal,Mid-Range,Right Side Center(RC),16-24 ft.,20.0,151.0,138.0,1,0,20160514,SAN,ATL,2016-17
Shot Chart Detail,1021600005,244,200673,Monique Currie,1611661319,San Antonio Stars,3,6,40,Missed Shot,Jump Shot,3PT Field Goal,Above the Break 3,Right Side Center(RC),24+ ft.,24.0,226.0,102.0,1,0,20160514,SAN,ATL,2016-17
Shot Chart Detail,1021600005,321,200673,Monique Currie,1611661319,San Antonio Stars,4,8,39,Missed Shot,Jump Shot,2PT Field Goal,Mid-Range,Center(C),16-24 ft.,16.0,-23.0,159.0,1,0,20160514,SAN,ATL,2016-17
Shot Chart Detail,1021600005,355,200673,Monique Currie,1611661319,San Antonio Stars,4,3,36,Missed Shot,Jump Shot,2PT Field Goal,In The Paint (Non-RA),Center(C),Less Than 8 ft.,6.0,-19.0,60.0,1,0,20160514,SAN,ATL,2016-17
Shot Chart Detail,1021600005,363,200673,Monique Currie,1611661319,San Antonio Stars,4,2,28,Missed Shot,Jump Shot,2PT Field Goal,In The Paint (Non-RA),Center(C),8-16 ft.,8.0,39.0,72.0,1,0,20160514,SAN,ATL,2016-17
Shot Chart Detail,1021600005,408,200673,Monique Currie,1611661319,San Antonio Stars,5,4,24,Missed Shot,Jump Shot,2PT Field Goal,Mid-Range,Center(C),8-16 ft.,14.0,-30.0,145.0,1,0,20160514,SAN,ATL,2016-17
Shot Chart Detail,1021600005,458,200673,Monique Currie,1611661319,San Antonio Stars,5,0,13,Missed Shot,Jump Shot,2PT Field Goal,In The Paint (Non-RA),Right Side(R),8-16 ft.,9.0,75.0,53.0,1,0,20160514,SAN,ATL,2016-17
Shot Chart Detail,1021600011,20,200673,Monique Currie,1611661319,San Antonio Stars,1,7,44,Missed Shot,Pullup Jump shot,2PT Field Goal,Mid-Range,Center(C),16-24 ft.,20.0,-2.0,203.0,1,0,20160519,SAN,CON,2016-17
Shot Chart Detail,1021600011,353,200673,Monique Currie,1611661319,San Antonio Stars,4,5,50,Missed Shot,Jump Shot,3PT Field Goal,Above the Break 3,Left Side Center(LC),16-24 ft.,23.0,-128.0,194.0,1,0,20160519,SAN,CON,2016-17
Shot Chart Detail,1021600017,34,200673,Monique Currie,1611661319,San Antonio Stars,1,7,10,Made Shot,Jump Shot,2PT Field Goal,Mid-Range,Right Side Center(RC),16-24 ft.,20.0,125.0,160.0,1,1,20160521,DAL,SAN,2016-17
Shot Chart Detail,1021600017,56,200673,Monique Currie,1611661319,San Antonio Stars,1,4,43,Missed Shot,Jump Shot,3PT Field Goal,Above the Break 3,Right Side Center(RC),16-24 ft.,23.0,168.0,159.0,1,0,20160521,DAL,SAN,2016-17
Shot Chart Detail,1021600017,76,200673,Monique Currie,1611661319,San Antonio Stars,1,2,44,Missed Shot,Jump Shot,2PT Field Goal,Mid-Range,Center(C),16-24 ft.,16.0,-32.0,159.0,1,0,20160521,DAL,SAN,2016-17
Shot Chart Detail,1021600017,206,200673,Monique Currie,1611661319,San Antonio Stars,2,3,12,Missed Shot,Fadeaway Jump Shot,2PT Field Goal,Mid-Range,Left Side(L),8-16 ft.,12.0,-116.0,42.0,1,0,20160521,DAL,SAN,2016-17
Shot Chart Detail,1021600017,229,200673,Monique Currie,1611661319,San Antonio Stars,2,1,18,Missed Shot,Layup Shot,2PT Field Goal,Restricted Area,Center(C),Less Than 8 ft.,2.0,24.0,0.0,1,0,20160521,DAL,SAN,2016-17
Shot Chart Detail,1021600017,375,200673,Monique Currie,1611661319,San Antonio Stars,3,0,11,Missed Shot,Jump Shot,3PT Field Goal,Above the Break 3,Right Side Center(RC),16-24 ft.,23.0,111.0,205.0,1,0,20160521,DAL,SAN,2016-17
Shot Chart Detail,1021600026,2,200673,Monique Currie,1611661319,San Antonio Stars,1,9,41,Missed Shot,Jump Shot,3PT Field Goal,Above the Break 3,Left Side Center(LC),24+ ft.,24.0,-169.0,175.0,1,0,20160527,SAN,CHI,2016-17
Shot Chart Detail,1021600026,5,200673,Monique Currie,1611661319,San Antonio Stars,1,9,24,Made Shot,Jump Shot,3PT Field Goal,Above the Break 3,Left Side Center(LC),24+ ft.,24.0,-142.0,194.0,1,1,20160527,SAN,CHI,2016-17
Shot Chart Detail,1021600026,28,200673,Monique Currie,1611661319,San Antonio Stars,1,6,22,Missed Shot,Jump Shot,2PT Field Goal,Restricted Area,Center(C),Less Than 8 ft.,3.0,-24.0,28.0,1,0,20160527,SAN,CHI,2016-17
Shot Chart Detail,1021600026,193,200673,Monique Currie,1611661319,San Antonio Stars,2,4,19,Made Shot,Jump Shot,2PT Field Goal,In The Paint (Non-RA),Center(C),8-16 ft.,15.0,70.0,135.0,1,1,20160527,SAN,CHI,2016-17
Shot Chart Detail,1021600026,207,200673,Monique Currie,1611661319,San Antonio Stars,2,2,26,Missed Shot,Jump Shot,2PT Field Goal,Mid-Range,Left Side Center(LC),16-24 ft.,17.0,-90.0,153.0,1,0,20160527,SAN,CHI,2016-17
Shot Chart Detail,1021600026,251,200673,Monique Currie,1611661319,San Antonio Stars,3,8,15,Made Shot,Layup Shot,2PT Field Goal,Restricted Area,Center(C),Less Than 8 ft.,2.0,26.0,12.0,1,1,20160527,SAN,CHI,2016-17
Shot Chart Detail,1021600026,272,200673,Monique Currie,1611661319,San Antonio Stars,3,5,52,Made Shot,Jump Shot,3PT Field Goal,Left Corner 3,Left Side(L),24+ ft.,22.0,-223.0,15.0,1,1,20160527,SAN,CHI,2016-17
Shot Chart Detail,1021600026,274,200673,Monique Currie,1611661319,San Antonio Stars,3,5,17,Made Shot,Jump Shot,3PT Field Goal,Above the Break 3,Center(C),24+ ft.,24.0,32.0,241.0,1,1,20160527,SAN,CHI,2016-17
Shot Chart Detail,1021600026,281,200673,Monique Currie,1611661319,San Antonio Stars,3,4,11,Missed Shot,Jump Shot,3PT Field Goal,Above the Break 3,Right Side Center(RC),24+ ft.,24.0,179.0,164.0,1,0,20160527,SAN,CHI,2016-17
Shot Chart Detail,1021600026,377,200673,Monique Currie,1611661319,San Antonio Stars,4,5,13,Missed Shot,Driving Floating Jump Shot,2PT Field Goal,In The Paint (Non-RA),Center(C),Less Than 8 ft.,6.0,4.0,60.0,1,0,20160527,SAN,CHI,2016-17
Shot Chart Detail,1021600026,379,200673,Monique Currie,1611661319,San Antonio Stars,4,5,0,Missed Shot,Jump Shot,3PT Field Goal,Above the Break 3,Left Side(L),24+ ft.,23.0,-231.0,28.0,1,0,20160527,SAN,CHI,2016-17
Shot Chart Detail,1021600026,391,200673,Monique Currie,1611661319,San Antonio Stars,4,3,55,Missed Shot,Jump Shot,3PT Field Goal,Above the Break 3,Right Side Center(RC),24+ ft.,24.0,146.0,198.0,1,0,20160527,SAN,CHI,2016-17
Shot Chart Detail,1021600036,47,200673,Monique Currie,1611661319,San Antonio Stars,1,5,20,Missed Shot,Jump Shot,3PT Field Goal,Above the Break 3,Left Side Center(LC),16-24 ft.,23.0,-95.0,214.0,1,0,20160602,LAS,SAN,2016-17
Shot Chart Detail,1021600036,53,200673,Monique Currie,1611661319,San Antonio Stars,1,4,55,Made Shot,Putback Layup Shot,2PT Field Goal,Restricted Area,Center(C),Less Than 8 ft.,1.0,13.0,4.0,1,1,20160602,LAS,SAN,2016-17
Shot Chart Detail,1021600036,203,200673,Monique Currie,1611661319,San Antonio Stars,2,2,47,Made Shot,Putback Layup Shot,2PT Field Goal,Restricted Area,Center(C),Less Than 8 ft.,1.0,18.0,3.0,1,1,20160602,LAS,SAN,2016-17
Shot Chart Detail,1021600036,267,200673,Monique Currie,1611661319,San Antonio Stars,3,7,41,Missed Shot,Jump Shot,3PT Field Goal,Above the Break 3,Left Side(L),24+ ft.,23.0,-223.0,80.0,1,0,20160602,LAS,SAN,2016-17
Shot Chart Detail,1021600036,410,200673,Monique Currie,1611661319,San Antonio Stars,4,2,57,Missed Shot,Putback Layup Shot,2PT Field Goal,Restricted Area,Center(C),Less Than 8 ft.,0.0,0.0,1.0,1,0,20160602,LAS,SAN,2016-17
Shot Chart Detail,1021600036,451,200673,Monique Currie,1611661319,San Antonio Stars,4,0,11,Missed Shot,Jump Shot,2PT Field Goal,Restricted Area,Center(C),Less Than 8 ft.,3.0,31.0,4.0,1,0,20160602,LAS,SAN,2016-17
Shot Chart Detail,1021600042,18,200673,Monique Currie,1611661319,San Antonio Stars,1,7,53,Missed Shot,Jump Shot,3PT Field Goal,Above the Break 3,Right Side Center(RC),24+ ft.,24.0,162.0,187.0,1,0,20160604,SAN,LAS,2016-17
Shot Chart Detail,1021600042,24,200673,Monique Currie,1611661319,San Antonio Stars,1,7,0,Made Shot,Jump Shot,2PT Field Goal,Mid-Range,Right Side Center(RC),16-24 ft.,17.0,92.0,151.0,1,1,20160604,SAN,LAS,2016-17
Shot Chart Detail,1021600042,30,200673,Monique Currie,1611661319,San Antonio Stars,1,6,2,Missed Shot,Jump Shot,2PT Field Goal,Mid-Range,Left Side Center(LC),16-24 ft.,16.0,-62.0,156.0,1,0,20160604,SAN,LAS,2016-17
Shot Chart Detail,1021600042,174,200673,Monique Currie,1611661319,San Antonio Stars,2,2,35,Missed Shot,Jump Shot,3PT Field Goal,Above the Break 3,Left Side(L),16-24 ft.,22.0,-207.0,94.0,1,0,20160604,SAN,LAS,2016-17
Shot Chart Detail,1021600042,176,200673,Monique Currie,1611661319,San Antonio Stars,2,2,28,Made Shot,Jump Shot,2PT Field Goal,Mid-Range,Left Side(L),8-16 ft.,15.0,-131.0,85.0,1,1,20160604,SAN,LAS,2016-17
Shot Chart Detail,1021600042,189,200673,Monique Currie,1611661319,San Antonio Stars,2,1,6,Missed Shot,Jump Shot,2PT Field Goal,Mid-Range,Left Side(L),8-16 ft.,14.0,-127.0,64.0,1,0,20160604,SAN,LAS,2016-17
Shot Chart Detail,1021600042,209,200673,Monique Currie,1611661319,San Antonio Stars,3,8,31,Made Shot,Layup Shot,2PT Field Goal,Restricted Area,Center(C),Less Than 8 ft.,0.0,-4.0,6.0,1,1,20160604,SAN,LAS,2016-17
Shot Chart Detail,1021600042,213,200673,Monique Currie,1611661319,San Antonio Stars,3,7,34,Missed Shot,Layup Shot,2PT Field Goal,Restricted Area,Center(C),Less Than 8 ft.,0.0,7.0,7.0,1,0,20160604,SAN,LAS,2016-17
Shot Chart Detail,1021600042,215,200673,Monique Currie,1611661319,San Antonio Stars,3,7,30,Made Shot,Layup Shot,2PT Field Goal,Restricted Area,Center(C),Less Than 8 ft.,2.0,21.0,1.0,1,1,20160604,SAN,LAS,2016-17
Shot Chart Detail,1021600042,349,200673,Monique Currie,1611661319,San Antonio Stars,4,2,38,Missed Shot,Layup Shot,2PT Field Goal,Restricted Area,Center(C),Less Than 8 ft.,1.0,-8.0,11.0,1,0,20160604,SAN,LAS,2016-17
Shot Chart Detail,1021600049,51,200673,Monique Currie,1611661319,San Antonio Stars,1,5,7,Made Shot,Jump Shot,3PT Field Goal,Left Corner 3,Left Side(L),24+ ft.,24.0,-240.0,3.0,1,1,20160609,PHO,SAN,2016-17
Shot Chart Detail,1021600049,60,200673,Monique Currie,1611661319,San Antonio Stars,1,4,26,Missed Shot,Pullup Jump shot,2PT Field Goal,Mid-Range,Center(C),16-24 ft.,16.0,4.0,160.0,1,0,20160609,PHO,SAN,2016-17
Shot Chart Detail,1021600049,76,200673,Monique Currie,1611661319,San Antonio Stars,1,2,19,Made Shot,Jump Shot,2PT Field Goal,Mid-Range,Center(C),8-16 ft.,15.0,-40.0,154.0,1,1,20160609,PHO,SAN,2016-17
Shot Chart Detail,1021600049,169,200673,Monique Currie,1611661319,San Antonio Stars,2,4,42,Made Shot,Driving Layup Shot,2PT Field Goal,Restricted Area,Center(C),Less Than 8 ft.,2.0,-23.0,7.0,1,1,20160609,PHO,SAN,2016-17
Shot Chart Detail,1021600049,195,200673,Monique Currie,1611661319,San Antonio Stars,2,2,35,Made Shot,Jump Shot,3PT Field Goal,Above the Break 3,Left Side Center(LC),24+ ft.,24.0,-207.0,134.0,1,1,20160609,PHO,SAN,2016-17
Shot Chart Detail,1021600049,238,200673,Monique Currie,1611661319,San Antonio Stars,3,7,23,Missed Shot,Pullup Jump shot,2PT Field Goal,Mid-Range,Right Side(R),8-16 ft.,15.0,151.0,12.0,1,0,20160609,PHO,SAN,2016-17
Shot Chart Detail,1021600049,271,200673,Monique Currie,1611661319,San Antonio Stars,3,5,18,Missed Shot,Pullup Jump shot,2PT Field Goal,Mid-Range,Right Side(R),16-24 ft.,19.0,179.0,71.0,1,0,20160609,PHO,SAN,2016-17
Shot Chart Detail,1021600049,384,200673,Monique Currie,1611661319,San Antonio Stars,4,6,19,Made Shot,Jump Shot,3PT Field Goal,Above the Break 3,Right Side(R),24+ ft.,24.0,242.0,41.0,1,1,20160609,PHO,SAN,2016-17
Shot Chart Detail,1021600049,389,200673,Monique Currie,1611661319,San Antonio Stars,4,5,21,Missed Shot,Driving Layup Shot,2PT Field Goal,Restricted Area,Center(C),Less Than 8 ft.,2.0,28.0,1.0,1,0,20160609,PHO,SAN,2016-17
Shot Chart Detail,1021600054,18,200673,Monique Currie,1611661319,San Antonio Stars,1,7,54,Missed Shot,Pullup Jump shot,2PT Field Goal,In The Paint (Non-RA),Center(C),8-16 ft.,13.0,58.0,127.0,1,0,20160611,SAN,NYL,2016-17
Shot Chart Detail,1021600054,26,200673,Monique Currie,1611661319,San Antonio Stars,1,6,38,Made Shot,Jump Shot,2PT Field Goal,Mid-Range,Center(C),16-24 ft.,20.0,32.0,198.0,1,1,20160611,SAN,NYL,2016-17
Shot Chart Detail,1021600054,44,200673,Monique Currie,1611661319,San Antonio Stars,1,5,17,Missed Shot,Jump Shot,2PT Field Goal,In The Paint (Non-RA),Left Side(L),8-16 ft.,9.0,-59.0,72.0,1,0,20160611,SAN,NYL,2016-17
Shot Chart Detail,1021600054,217,200673,Monique Currie,1611661319,San Antonio Stars,2,2,22,Missed Shot,Jump Shot,2PT Field Goal,In The Paint (Non-RA),Center(C),Less Than 8 ft.,4.0,-40.0,9.0,1,0,20160611,SAN,NYL,2016-17
Shot Chart Detail,1021600054,236,200673,Monique Currie,1611661319,San Antonio Stars,2,0,58,Missed Shot,Driving Layup Shot,2PT Field Goal,In The Paint (Non-RA),Center(C),Less Than 8 ft.,4.0,-40.0,28.0,1,0,20160611,SAN,NYL,2016-17
Shot Chart Detail,1021600054,286,200673,Monique Currie,1611661319,San Antonio Stars,3,7,7,Made Shot,Jump Shot,3PT Field Goal,Above the Break 3,Left Side Center(LC),16-24 ft.,23.0,-109.0,208.0,1,1,20160611,SAN,NYL,2016-17
Shot Chart Detail,1021600054,298,200673,Monique Currie,1611661319,San Antonio Stars,3,6,15,Missed Shot,Jump Shot,3PT Field Goal,Above the Break 3,Right Side Center(RC),24+ ft.,24.0,176.0,164.0,1,0,20160611,SAN,NYL,2016-17
Shot Chart Detail,1021600054,314,200673,Monique Currie,1611661319,San Antonio Stars,3,4,44,Missed Shot,Jump Shot,2PT Field Goal,Mid-Range,Right Side Center(RC),16-24 ft.,16.0,65.0,148.0,1,0,20160611,SAN,NYL,2016-17
Shot Chart Detail,1021600054,471,200673,Monique Currie,1611661319,San Antonio Stars,4,4,27,Missed Shot,Jump Shot,3PT Field Goal,Left Corner 3,Left Side(L),24+ ft.,23.0,-234.0,-32.0,1,0,20160611,SAN,NYL,2016-17
Shot Chart Detail,1021600054,481,200673,Monique Currie,1611661319,San Antonio Stars,4,3,20,Missed Shot,Jump Shot,3PT Field Goal,Above the Break 3,Center(C),24+ ft.,24.0,72.0,230.0,1,0,20160611,SAN,NYL,2016-17
Shot Chart Detail,1021600062,37,200673,Monique Currie,1611661319,San Antonio Stars,1,4,38,Made Shot,Pullup Jump shot,2PT Field Goal,Mid-Range,Left Side Center(LC),16-24 ft.,18.0,-65.0,170.0,1,1,20160614,SAN,SEA,2016-17
Shot Chart Detail,1021600062,47,200673,Monique Currie,1611661319,San Antonio Stars,1,3,25,Missed Shot,Jump Shot,3PT Field Goal,Above the Break 3,Right Side(R),24+ ft.,23.0,222.0,75.0,1,0,20160614,SAN,SEA,2016-17
Shot Chart Detail,1021600062,203,200673,Monique Currie,1611661319,San Antonio Stars,2,1,31,Missed Shot,Jump Shot,2PT Field Goal,Mid-Range,Right Side(R),8-16 ft.,15.0,143.0,52.0,1,0,20160614,SAN,SEA,2016-17
Shot Chart Detail,1021600062,239,200673,Monique Currie,1611661319,San Antonio Stars,3,7,10,Missed Shot,Turnaround Jump Shot,2PT Field Goal,Mid-Range,Right Side(R),8-16 ft.,13.0,132.0,33.0,1,0,20160614,SAN,SEA,2016-17
Shot Chart Detail,1021600067,30,200673,Monique Currie,1611661319,San Antonio Stars,1,6,47,Made Shot,Step Back Jump shot,2PT Field Goal,Mid-Range,Center(C),16-24 ft.,16.0,23.0,160.0,1,1,20160617,SAN,IND,2016-17
Shot Chart Detail,1021600067,45,200673,Monique Currie,1611661319,San Antonio Stars,1,4,49,Made Shot,Jump Shot,2PT Field Goal,In The Paint (Non-RA),Center(C),Less Than 8 ft.,5.0,0.0,55.0,1,1,20160617,SAN,IND,2016-17
Shot Chart Detail,1021600067,64,200673,Monique Currie,1611661319,San Antonio Stars,1,2,21,Missed Shot,Jump Shot,2PT Field Goal,Mid-Range,Center(C),16-24 ft.,20.0,12.0,208.0,1,0,20160617,SAN,IND,2016-17
Shot Chart Detail,1021600067,151,200673,Monique Currie,1611661319,San Antonio Stars,2,3,16,Made Shot,Cutting Layup Shot,2PT Field Goal,Restricted Area,Center(C),Less Than 8 ft.,1.0,-16.0,-3.0,1,1,20160617,SAN,IND,2016-17
Shot Chart Detail,1021600067,158,200673,Monique Currie,1611661319,San Antonio Stars,2,2,10,Missed Shot,Jump Shot,2PT Field Goal,Mid-Range,Left Side(L),8-16 ft.,12.0,-123.0,-6.0,1,0,20160617,SAN,IND,2016-17
Shot Chart Detail,1021600067,167,200673,Monique Currie,1611661319,San Antonio Stars,2,1,31,Missed Shot,Pullup Jump shot,2PT Field Goal,Mid-Range,Right Side Center(RC),16-24 ft.,18.0,127.0,129.0,1,0,20160617,SAN,IND,2016-17
Shot Chart Detail,1021600067,236,200673,Monique Currie,1611661319,San Antonio Stars,3,6,1,Made Shot,Jump Shot,2PT Field Goal,In The Paint (Non-RA),Center(C),8-16 ft.,13.0,45.0,124.0,1,1,20160617,SAN,IND,2016-17
Shot Chart Detail,1021600067,347,200673,Monique Currie,1611661319,San Antonio Stars,4,5,34,Made Shot,Jump Shot,2PT Field Goal,Mid-Range,Left Side Center(LC),16-24 ft.,16.0,-84.0,146.0,1,1,20160617,SAN,IND,2016-17
Shot Chart Detail,1021600067,354,200673,Monique Currie,1611661319,San Antonio Stars,4,5,9,Missed Shot,Layup Shot,2PT Field Goal,Restricted Area,Center(C),Less Than 8 ft.,1.0,18.0,6.0,1,0,20160617,SAN,IND,2016-17
Shot Chart Detail,1021600067,385,200673,Monique Currie,1611661319,San Antonio Stars,4,1,39,Missed Shot,Jump Shot,2PT Field Goal,Mid-Range,Right Side Center(RC),16-24 ft.,16.0,97.0,131.0,1,0,20160617,SAN,IND,2016-17
Shot Chart Detail,1021600071,3,200673,Monique Currie,1611661319,San Antonio Stars,1,9,37,Missed Shot,Jump Shot,3PT Field Goal,Above the Break 3,Left Side(L),16-24 ft.,23.0,-207.0,102.0,1,0,20160619,CON,SAN,2016-17
Shot Chart Detail,1021600071,40,200673,Monique Currie,1611661319,San Antonio Stars,1,5,21,Missed Shot,Jump Shot,2PT Field Goal,Mid-Range,Left Side(L),16-24 ft.,19.0,-168.0,99.0,1,0,20160619,CON,SAN,2016-17
Shot Chart Detail,1021600071,147,200673,Monique Currie,1611661319,San Antonio Stars,2,5,21,Made Shot,Jump Shot,2PT Field Goal,Mid-Range,Left Side Center(LC),16-24 ft.,17.0,-60.0,160.0,1,1,20160619,CON,SAN,2016-17
Shot Chart Detail,1021600071,184,200673,Monique Currie,1611661319,San Antonio Stars,2,0,59,Made Shot,Driving Floating Jump Shot,2PT Field Goal,In The Paint (Non-RA),Center(C),Less Than 8 ft.,4.0,24.0,34.0,1,1,20160619,CON,SAN,2016-17
Shot Chart Detail,1021600071,207,200673,Monique Currie,1611661319,San Antonio Stars,3,9,33,Made Shot,Jump Shot,3PT Field Goal,Right Corner 3,Right Side(R),24+ ft.,23.0,234.0,7.0,1,1,20160619,CON,SAN,2016-17
Shot Chart Detail,1021600071,219,200673,Monique Currie,1611661319,San Antonio Stars,3,8,16,Missed Shot,Pullup Jump shot,2PT Field Goal,Mid-Range,Center(C),16-24 ft.,18.0,-8.0,181.0,1,0,20160619,CON,SAN,2016-17
Shot Chart Detail,1021600071,242,200673,Monique Currie,1611661319,San Antonio Stars,3,6,17,Made Shot,Jump Shot,2PT Field Goal,Mid-Range,Center(C),8-16 ft.,15.0,0.0,153.0,1,1,20160619,CON,SAN,2016-17
Shot Chart Detail,1021600071,325,200673,Monique Currie,1611661319,San Antonio Stars,4,9,6,Missed Shot,Jump Shot,3PT Field Goal,Above the Break 3,Left Side Center(LC),24+ ft.,24.0,-166.0,176.0,1,0,20160619,CON,SAN,2016-17
Shot Chart Detail,1021600071,345,200673,Monique Currie,1611661319,San Antonio Stars,4,7,28,Missed Shot,Jump Shot,2PT Field Goal,In The Paint (Non-RA),Center(C),8-16 ft.,11.0,-38.0,110.0,1,0,20160619,CON,SAN,2016-17
Shot Chart Detail,1021600071,363,200673,Monique Currie,1611661319,San Antonio Stars,4,5,58,Missed Shot,Jump Shot,3PT Field Goal,Above the Break 3,Center(C),16-24 ft.,22.0,-56.0,217.0,1,0,20160619,CON,SAN,2016-17
Shot Chart Detail,1021600071,412,200673,Monique Currie,1611661319,San Antonio Stars,4,0,45,Made Shot,Driving Layup Shot,2PT Field Goal,Restricted Area,Center(C),Less Than 8 ft.,2.0,13.0,23.0,1,1,20160619,CON,SAN,2016-17
Shot Chart Detail,1021600071,452,200673,Monique Currie,1611661319,San Antonio Stars,4,0,0,Missed Shot,Jump Shot,3PT Field Goal,Backcourt,Back Court(BC),Back Court Shot,74.0,58.0,741.0,1,0,20160619,CON,SAN,2016-17
Shot Chart Detail,1021600075,35,200673,Monique Currie,1611661319,San Antonio Stars,1,5,22,Missed Shot,Jump Shot,2PT Field Goal,Mid-Range,Right Side(R),16-24 ft.,17.0,176.0,7.0,1,0,20160621,CHI,SAN,2016-17
Shot Chart Detail,1021600075,42,200673,Monique Currie,1611661319,San Antonio Stars,1,4,29,Made Shot,Jump Shot,3PT Field Goal,Above the Break 3,Left Side Center(LC),16-24 ft.,22.0,-117.0,197.0,1,1,20160621,CHI,SAN,2016-17
Shot Chart Detail,1021600075,52,200673,Monique Currie,1611661319,San Antonio Stars,1,3,52,Made Shot,Jump Shot,3PT Field Goal,Above the Break 3,Left Side Center(LC),16-24 ft.,22.0,-98.0,201.0,1,1,20160621,CHI,SAN,2016-17
Shot Chart Detail,1021600075,128,200673,Monique Currie,1611661319,San Antonio Stars,2,7,50,Missed Shot,Jump Shot,2PT Field Goal,In The Paint (Non-RA),Center(C),8-16 ft.,12.0,-49.0,115.0,1,0,20160621,CHI,SAN,2016-17
Shot Chart Detail,1021600075,150,200673,Monique Currie,1611661319,San Antonio Stars,2,6,40,Made Shot,Pullup Jump shot,2PT Field Goal,Mid-Range,Right Side Center(RC),16-24 ft.,16.0,59.0,151.0,1,1,20160621,CHI,SAN,2016-17
Shot Chart Detail,1021600075,167,200673,Monique Currie,1611661319,San Antonio Stars,2,5,3,Made Shot,Jump Shot,2PT Field Goal,Mid-Range,Center(C),8-16 ft.,14.0,10.0,142.0,1,1,20160621,CHI,SAN,2016-17
Shot Chart Detail,1021600075,174,200673,Monique Currie,1611661319,San Antonio Stars,2,3,57,Missed Shot,Jump Shot,3PT Field Goal,Above the Break 3,Right Side Center(RC),16-24 ft.,23.0,86.0,219.0,1,0,20160621,CHI,SAN,2016-17
Shot Chart Detail,1021600075,237,200673,Monique Currie,1611661319,San Antonio Stars,3,8,10,Missed Shot,Jump Shot,3PT Field Goal,Above the Break 3,Left Side(L),16-24 ft.,22.0,-205.0,98.0,1,0,20160621,CHI,SAN,2016-17
Shot Chart Detail,1021600075,357,200673,Monique Currie,1611661319,San Antonio Stars,4,9,29,Missed Shot,Jump Shot,2PT Field Goal,Mid-Range,Center(C),8-16 ft.,14.0,-10.0,142.0,1,0,20160621,CHI,SAN,2016-17
Shot Chart Detail,1021600075,385,200673,Monique Currie,1611661319,San Antonio Stars,4,6,1,Made Shot,Jump Shot,2PT Field Goal,Mid-Range,Right Side(R),8-16 ft.,14.0,84.0,116.0,1,1,20160621,CHI,SAN,2016-17
Shot Chart Detail,1021600075,445,200673,Monique Currie,1611661319,San Antonio Stars,4,0,18,Missed Shot,Jump Shot,3PT Field Goal,Above the Break 3,Left Side Center(LC),16-24 ft.,23.0,-171.0,162.0,1,0,20160621,CHI,SAN,2016-17
Shot Chart Detail,1021600079,8,200673,Monique Currie,1611661319,San Antonio Stars,1,8,57,Missed Shot,Jump Shot,3PT Field Goal,Above the Break 3,Center(C),24+ ft.,24.0,39.0,239.0,1,0,20160623,DAL,SAN,2016-17
Shot Chart Detail,1021600079,39,200673,Monique Currie,1611661319,San Antonio Stars,1,3,55,Made Shot,Running Layup Shot,2PT Field Goal,Restricted Area,Center(C),Less Than 8 ft.,2.0,18.0,9.0,1,1,20160623,DAL,SAN,2016-17
Shot Chart Detail,1021600079,226,200673,Monique Currie,1611661319,San Antonio Stars,3,9,20,Missed Shot,Pullup Jump shot,2PT Field Goal,Mid-Range,Right Side Center(RC),16-24 ft.,18.0,121.0,135.0,1,0,20160623,DAL,SAN,2016-17
Shot Chart Detail,1021600079,236,200673,Monique Currie,1611661319,San Antonio Stars,3,7,58,Missed Shot,Driving Floating Jump Shot,2PT Field Goal,In The Paint (Non-RA),Center(C),Less Than 8 ft.,4.0,2.0,48.0,1,0,20160623,DAL,SAN,2016-17
Shot Chart Detail,1021600079,245,200673,Monique Currie,1611661319,San Antonio Stars,3,7,18,Made Shot,Putback Layup Shot,2PT Field Goal,Restricted Area,Center(C),Less Than 8 ft.,0.0,0.0,4.0,1,1,20160623,DAL,SAN,2016-17
Shot Chart Detail,1021600079,269,200673,Monique Currie,1611661319,San Antonio Stars,3,4,44,Made Shot,Driving Floating Jump Shot,2PT Field Goal,In The Paint (Non-RA),Center(C),Less Than 8 ft.,7.0,-32.0,67.0,1,1,20160623,DAL,SAN,2016-17
Shot Chart Detail,1021600079,404,200673,Monique Currie,1611661319,San Antonio Stars,4,6,11,Made Shot,Driving Layup Shot,2PT Field Goal,Restricted Area,Center(C),Less Than 8 ft.,0.0,-2.0,9.0,1,1,20160623,DAL,SAN,2016-17
Shot Chart Detail,1021600079,435,200673,Monique Currie,1611661319,San Antonio Stars,4,4,2,Missed Shot,Turnaround Jump Shot,2PT Field Goal,Mid-Range,Left Side Center(LC),16-24 ft.,18.0,-125.0,137.0,1,0,20160623,DAL,SAN,2016-17
Shot Chart Detail,1021600084,173,200673,Monique Currie,1611661319,San Antonio Stars,2,4,4,Missed Shot,Jump Shot,2PT Field Goal,Mid-Range,Left Side Center(LC),16-24 ft.,17.0,-105.0,145.0,1,0,20160625,SAN,ATL,2016-17
Shot Chart Detail,1021600084,184,200673,Monique Currie,1611661319,San Antonio Stars,2,3,6,Missed Shot,Jump Shot,2PT Field Goal,Mid-Range,Left Side(L),8-16 ft.,14.0,-142.0,45.0,1,0,20160625,SAN,ATL,2016-17
Shot Chart Detail,1021600084,199,200673,Monique Currie,1611661319,San Antonio Stars,2,1,29,Missed Shot,Jump Shot,3PT Field Goal,Above the Break 3,Center(C),16-24 ft.,23.0,-64.0,225.0,1,0,20160625,SAN,ATL,2016-17
Shot Chart Detail,1021600084,254,200673,Monique Currie,1611661319,San Antonio Stars,3,5,36,Missed Shot,Jump Shot,2PT Field Goal,Mid-Range,Right Side(R),16-24 ft.,21.0,201.0,64.0,1,0,20160625,SAN,ATL,2016-17
Shot Chart Detail,1021600091,2,200673,Monique Currie,1611661319,San Antonio Stars,1,9,41,Made Shot,Pullup Jump shot,2PT Field Goal,Mid-Range,Right Side Center(RC),16-24 ft.,17.0,89.0,146.0,1,1,20160629,WAS,SAN,2016-17
Shot Chart Detail,1021600091,5,200673,Monique Currie,1611661319,San Antonio Stars,1,9,8,Missed Shot,Jump Shot,2PT Field Goal,Mid-Range,Left Side(L),8-16 ft.,14.0,-138.0,58.0,1,0,20160629,WAS,SAN,2016-17
Shot Chart Detail,1021600091,130,200673,Monique Currie,1611661319,San Antonio Stars,2,5,44,Missed Shot,Layup Shot,2PT Field Goal,Restricted Area,Center(C),Less Than 8 ft.,1.0,-7.0,14.0,1,0,20160629,WAS,SAN,2016-17
Shot Chart Detail,1021600091,141,200673,Monique Currie,1611661319,San Antonio Stars,2,4,33,Made Shot,Driving Reverse Layup Shot,2PT Field Goal,Restricted Area,Center(C),Less Than 8 ft.,1.0,12.0,0.0,1,1,20160629,WAS,SAN,2016-17
Shot Chart Detail,1021600097,32,200673,Monique Currie,1611661319,San Antonio Stars,1,6,47,Missed Shot,Jump Shot,2PT Field Goal,Mid-Range,Left Side(L),8-16 ft.,14.0,-116.0,85.0,1,0,20160701,IND,SAN,2016-17
Shot Chart Detail,1021600097,64,200673,Monique Currie,1611661319,San Antonio Stars,1,3,44,Made Shot,Pullup Jump shot,2PT Field Goal,Mid-Range,Left Side Center(LC),16-24 ft.,18.0,-127.0,132.0,1,1,20160701,IND,SAN,2016-17
Shot Chart Detail,1021600097,138,200673,Monique Currie,1611661319,San Antonio Stars,2,7,30,Made Shot,Jump Shot,2PT Field Goal,Mid-Range,Left Side Center(LC),16-24 ft.,16.0,-127.0,107.0,1,1,20160701,IND,SAN,2016-17
Shot Chart Detail,1021600097,165,200673,Monique Currie,1611661319,San Antonio Stars,2,4,0,Missed Shot,Jump Shot,2PT Field Goal,Mid-Range,Left Side Center(LC),16-24 ft.,21.0,-166.0,138.0,1,0,20160701,IND,SAN,2016-17
Shot Chart Detail,1021600097,316,200673,Monique Currie,1611661319,San Antonio Stars,3,0,13,Missed Shot,Jump Shot,2PT Field Goal,In The Paint (Non-RA),Center(C),8-16 ft.,11.0,56.0,101.0,1,0,20160701,IND,SAN,2016-17
Shot Chart Detail,1021600097,470,200673,Monique Currie,1611661319,San Antonio Stars,5,2,34,Missed Shot,Jump Shot,3PT Field Goal,Right Corner 3,Right Side(R),24+ ft.,23.0,234.0,-21.0,1,0,20160701,IND,SAN,2016-17
Shot Chart Detail,1021600097,492,200673,Monique Currie,1611661319,San Antonio Stars,5,1,9,Made Shot,Jump Shot,3PT Field Goal,Above the Break 3,Left Side(L),16-24 ft.,23.0,-218.0,83.0,1,1,20160701,IND,SAN,2016-17
Shot Chart Detail,1021600100,2,200673,Monique Currie,1611661319,San Antonio Stars,1,9,35,Missed Shot,Jump Shot,2PT Field Goal,Mid-Range,Center(C),8-16 ft.,15.0,-34.0,149.0,1,0,20160702,MIN,SAN,2016-17
Shot Chart Detail,1021600100,130,200673,Monique Currie,1611661319,San Antonio Stars,2,7,45,Made Shot,Jump Shot,3PT Field Goal,Above the Break 3,Right Side Center(RC),16-24 ft.,23.0,108.0,205.0,1,1,20160702,MIN,SAN,2016-17
Shot Chart Detail,1021600100,226,200673,Monique Currie,1611661319,San Antonio Stars,3,8,32,Missed Shot,Jump Shot,2PT Field Goal,In The Paint (Non-RA),Center(C),Less Than 8 ft.,6.0,-64.0,17.0,1,0,20160702,MIN,SAN,2016-17
Shot Chart Detail,1021600100,231,200673,Monique Currie,1611661319,San Antonio Stars,3,8,0,Missed Shot,Layup Shot,2PT Field Goal,Restricted Area,Center(C),Less Than 8 ft.,2.0,24.0,-11.0,1,0,20160702,MIN,SAN,2016-17
Shot Chart Detail,1021600100,258,200673,Monique Currie,1611661319,San Antonio Stars,3,6,8,Made Shot,Putback Layup Shot,2PT Field Goal,Restricted Area,Center(C),Less Than 8 ft.,1.0,0.0,11.0,1,1,20160702,MIN,SAN,2016-17
Shot Chart Detail,1021600100,269,200673,Monique Currie,1611661319,San Antonio Stars,3,4,40,Missed Shot,Jump Shot,2PT Field Goal,Mid-Range,Center(C),16-24 ft.,17.0,2.0,172.0,1,0,20160702,MIN,SAN,2016-17
Shot Chart Detail,1021600108,6,200673,Monique Currie,1611661319,San Antonio Stars,1,9,21,Made Shot,Jump Shot,3PT Field Goal,Above the Break 3,Left Side(L),16-24 ft.,22.0,-198.0,112.0,1,1,20160706,SAN,WAS,2016-17
Shot Chart Detail,1021600108,16,200673,Monique Currie,1611661319,San Antonio Stars,1,8,9,Missed Shot,Jump Shot,2PT Field Goal,Mid-Range,Left Side Center(LC),16-24 ft.,16.0,-87.0,143.0,1,0,20160706,SAN,WAS,2016-17
Shot Chart Detail,1021600108,33,200673,Monique Currie,1611661319,San Antonio Stars,1,5,49,Made Shot,Driving Layup Shot,2PT Field Goal,Restricted Area,Center(C),Less Than 8 ft.,1.0,0.0,14.0,1,1,20160706,SAN,WAS,2016-17
Shot Chart Detail,1021600108,105,200673,Monique Currie,1611661319,San Antonio Stars,2,9,23,Made Shot,Cutting Finger Roll Layup Shot,2PT Field Goal,Restricted Area,Center(C),Less Than 8 ft.,2.0,21.0,11.0,1,1,20160706,SAN,WAS,2016-17
Shot Chart Detail,1021600108,113,200673,Monique Currie,1611661319,San Antonio Stars,2,8,13,Missed Shot,Jump Shot,3PT Field Goal,Above the Break 3,Left Side Center(LC),16-24 ft.,23.0,-183.0,142.0,1,0,20160706,SAN,WAS,2016-17
Shot Chart Detail,1021600108,162,200673,Monique Currie,1611661319,San Antonio Stars,2,4,27,Missed Shot,Jump Bank Shot,2PT Field Goal,Mid-Range,Left Side(L),16-24 ft.,20.0,-201.0,34.0,1,0,20160706,SAN,WAS,2016-17
Shot Chart Detail,1021600108,164,200673,Monique Currie,1611661319,San Antonio Stars,2,4,15,Missed Shot,Jump Shot,3PT Field Goal,Left Corner 3,Left Side(L),24+ ft.,22.0,-226.0,9.0,1,0,20160706,SAN,WAS,2016-17
Shot Chart Detail,1021600108,177,200673,Monique Currie,1611661319,San Antonio Stars,2,3,15,Missed Shot,Reverse Layup Shot,2PT Field Goal,Restricted Area,Center(C),Less Than 8 ft.,2.0,28.0,-2.0,1,0,20160706,SAN,WAS,2016-17
Shot Chart Detail,1021600108,181,200673,Monique Currie,1611661319,San Antonio Stars,2,2,59,Made Shot,Putback Layup Shot,2PT Field Goal,Restricted Area,Center(C),Less Than 8 ft.,2.0,20.0,1.0,1,1,20160706,SAN,WAS,2016-17
Shot Chart Detail,1021600108,207,200673,Monique Currie,1611661319,San Antonio Stars,2,0,14,Missed Shot,Jump Shot,3PT Field Goal,Above the Break 3,Left Side Center(LC),16-24 ft.,23.0,-144.0,187.0,1,0,20160706,SAN,WAS,2016-17
Shot Chart Detail,1021600108,214,200673,Monique Currie,1611661319,San Antonio Stars,3,9,26,Missed Shot,Turnaround Jump Shot,2PT Field Goal,Mid-Range,Right Side(R),8-16 ft.,13.0,124.0,42.0,1,0,20160706,SAN,WAS,2016-17
Shot Chart Detail,1021600108,238,200673,Monique Currie,1611661319,San Antonio Stars,3,6,37,Made Shot,Step Back Jump shot,2PT Field Goal,Mid-Range,Left Side(L),8-16 ft.,13.0,-134.0,6.0,1,1,20160706,SAN,WAS,2016-17
Shot Chart Detail,1021600108,301,200673,Monique Currie,1611661319,San Antonio Stars,4,9,41,Missed Shot,Layup Shot,2PT Field Goal,Restricted Area,Center(C),Less Than 8 ft.,1.0,1.0,11.0,1,0,20160706,SAN,WAS,2016-17
Shot Chart Detail,1021600108,306,200673,Monique Currie,1611661319,San Antonio Stars,4,9,9,Made Shot,Jump Shot,3PT Field Goal,Left Corner 3,Left Side(L),24+ ft.,23.0,-232.0,4.0,1,1,20160706,SAN,WAS,2016-17
Shot Chart Detail,1021600108,336,200673,Monique Currie,1611661319,San Antonio Stars,4,6,4,Missed Shot,Jump Shot,2PT Field Goal,Mid-Range,Right Side Center(RC),16-24 ft.,18.0,100.0,159.0,1,0,20160706,SAN,WAS,2016-17
Shot Chart Detail,1021600108,342,200673,Monique Currie,1611661319,San Antonio Stars,4,5,26,Missed Shot,Jump Shot,2PT Field Goal,In The Paint (Non-RA),Center(C),8-16 ft.,10.0,51.0,93.0,1,0,20160706,SAN,WAS,2016-17
Shot Chart Detail,1021600108,347,200673,Monique Currie,1611661319,San Antonio Stars,4,4,55,Missed Shot,Layup Shot,2PT Field Goal,Restricted Area,Center(C),Less Than 8 ft.,1.0,-2.0,19.0,1,0,20160706,SAN,WAS,2016-17
Shot Chart Detail,1021600108,349,200673,Monique Currie,1611661319,San Antonio Stars,4,4,51,Missed Shot,Putback Layup Shot,2PT Field Goal,Restricted Area,Center(C),Less Than 8 ft.,0.0,-2.0,6.0,1,0,20160706,SAN,WAS,2016-17
Shot Chart Detail,1021600108,358,200673,Monique Currie,1611661319,San Antonio Stars,4,3,53,Missed Shot,Jump Shot,2PT Field Goal,Mid-Range,Left Side(L),16-24 ft.,19.0,-190.0,22.0,1,0,20160706,SAN,WAS,2016-17
Shot Chart Detail,1021600108,370,200673,Monique Currie,1611661319,San Antonio Stars,4,2,54,Made Shot,Jump Shot,2PT Field Goal,Mid-Range,Left Side Center(LC),16-24 ft.,16.0,-71.0,149.0,1,1,20160706,SAN,WAS,2016-17
Shot Chart Detail,1021600112,2,200673,Monique Currie,1611661319,San Antonio Stars,1,9,42,Missed Shot,Step Back Jump shot,3PT Field Goal,Above the Break 3,Left Side Center(LC),24+ ft.,23.0,-185.0,149.0,1,0,20160708,SAN,SEA,2016-17
Shot Chart Detail,1021600112,20,200673,Monique Currie,1611661319,San Antonio Stars,1,6,49,Made Shot,Layup Shot,2PT Field Goal,Restricted Area,Center(C),Less Than 8 ft.,0.0,4.0,9.0,1,1,20160708,SAN,SEA,2016-17
Shot Chart Detail,1021600112,39,200673,Monique Currie,1611661319,San Antonio Stars,1,4,40,Made Shot,Jump Shot,3PT Field Goal,Above the Break 3,Right Side Center(RC),24+ ft.,25.0,218.0,129.0,1,1,20160708,SAN,SEA,2016-17
Shot Chart Detail,1021600112,41,200673,Monique Currie,1611661319,San Antonio Stars,1,3,44,Missed Shot,Jump Shot,2PT Field Goal,Mid-Range,Left Side(L),16-24 ft.,19.0,-191.0,56.0,1,0,20160708,SAN,SEA,2016-17
Shot Chart Detail,1021600112,112,200673,Monique Currie,1611661319,San Antonio Stars,2,6,0,Made Shot,Jump Shot,2PT Field Goal,Mid-Range,Center(C),16-24 ft.,18.0,47.0,175.0,1,1,20160708,SAN,SEA,2016-17
Shot Chart Detail,1021600112,129,200673,Monique Currie,1611661319,San Antonio Stars,2,4,7,Missed Shot,Jump Shot,3PT Field Goal,Above the Break 3,Right Side Center(RC),24+ ft.,23.0,200.0,131.0,1,0,20160708,SAN,SEA,2016-17
Shot Chart Detail,1021600112,193,200673,Monique Currie,1611661319,San Antonio Stars,3,8,48,Missed Shot,Jump Shot,2PT Field Goal,Mid-Range,Center(C),16-24 ft.,19.0,50.0,189.0,1,0,20160708,SAN,SEA,2016-17
Shot Chart Detail,1021600112,213,200673,Monique Currie,1611661319,San Antonio Stars,3,6,22,Made Shot,Jump Shot,3PT Field Goal,Left Corner 3,Left Side(L),24+ ft.,22.0,-229.0,7.0,1,1,20160708,SAN,SEA,2016-17
Shot Chart Detail,1021600112,233,200673,Monique Currie,1611661319,San Antonio Stars,3,3,54,Missed Shot,Jump Shot,3PT Field Goal,Above the Break 3,Left Side Center(LC),24+ ft.,23.0,-217.0,97.0,1,0,20160708,SAN,SEA,2016-17
Shot Chart Detail,1021600112,316,200673,Monique Currie,1611661319,San Antonio Stars,4,5,6,Missed Shot,Layup Shot,2PT Field Goal,Restricted Area,Center(C),Less Than 8 ft.,2.0,13.0,22.0,1,0,20160708,SAN,SEA,2016-17
Shot Chart Detail,1021600117,14,200673,Monique Currie,1611661319,San Antonio Stars,1,8,6,Made Shot,Layup Shot,2PT Field Goal,Restricted Area,Center(C),Less Than 8 ft.,1.0,-16.0,-2.0,1,1,20160710,NYL,SAN,2016-17
Shot Chart Detail,1021600117,21,200673,Monique Currie,1611661319,San Antonio Stars,1,7,12,Made Shot,Jump Shot,2PT Field Goal,Mid-Range,Right Side Center(RC),16-24 ft.,18.0,89.0,164.0,1,1,20160710,NYL,SAN,2016-17
Shot Chart Detail,1021600117,27,200673,Monique Currie,1611661319,San Antonio Stars,1,6,13,Missed Shot,Jump Shot,2PT Field Goal,Mid-Range,Center(C),16-24 ft.,19.0,13.0,190.0,1,0,20160710,NYL,SAN,2016-17
Shot Chart Detail,1021600117,36,200673,Monique Currie,1611661319,San Antonio Stars,1,4,48,Missed Shot,Step Back Jump shot,2PT Field Goal,Mid-Range,Right Side(R),8-16 ft.,13.0,130.0,12.0,1,0,20160710,NYL,SAN,2016-17
Shot Chart Detail,1021600117,148,200673,Monique Currie,1611661319,San Antonio Stars,2,6,20,Made Shot,Layup Shot,2PT Field Goal,Restricted Area,Center(C),Less Than 8 ft.,2.0,-21.0,7.0,1,1,20160710,NYL,SAN,2016-17
Shot Chart Detail,1021600117,159,200673,Monique Currie,1611661319,San Antonio Stars,2,5,41,Missed Shot,Layup Shot,2PT Field Goal,Restricted Area,Center(C),Less Than 8 ft.,2.0,-21.0,4.0,1,0,20160710,NYL,SAN,2016-17
Shot Chart Detail,1021600117,184,200673,Monique Currie,1611661319,San Antonio Stars,2,3,24,Missed Shot,Fadeaway Jump Shot,2PT Field Goal,Mid-Range,Left Side(L),8-16 ft.,15.0,-153.0,36.0,1,0,20160710,NYL,SAN,2016-17
Shot Chart Detail,1021600117,219,200673,Monique Currie,1611661319,San Antonio Stars,3,9,4,Missed Shot,Pullup Jump shot,2PT Field Goal,Mid-Range,Center(C),8-16 ft.,14.0,2.0,146.0,1,0,20160710,NYL,SAN,2016-17
Shot Chart Detail,1021600117,233,200673,Monique Currie,1611661319,San Antonio Stars,3,7,46,Made Shot,Jump Shot,2PT Field Goal,Mid-Range,Left Side(L),8-16 ft.,15.0,-81.0,137.0,1,1,20160710,NYL,SAN,2016-17
Shot Chart Detail,1021600117,235,200673,Monique Currie,1611661319,San Antonio Stars,3,7,11,Missed Shot,Jump Shot,2PT Field Goal,Mid-Range,Right Side Center(RC),16-24 ft.,21.0,136.0,165.0,1,0,20160710,NYL,SAN,2016-17
Shot Chart Detail,1021600117,350,200673,Monique Currie,1611661319,San Antonio Stars,4,6,50,Made Shot,Jump Shot,2PT Field Goal,In The Paint (Non-RA),Center(C),Less Than 8 ft.,4.0,0.0,44.0,1,1,20160710,NYL,SAN,2016-17
Shot Chart Detail,1021600117,362,200673,Monique Currie,1611661319,San Antonio Stars,4,5,42,Made Shot,Fadeaway Jump Shot,2PT Field Goal,In The Paint (Non-RA),Left Side(L),8-16 ft.,10.0,-67.0,83.0,1,1,20160710,NYL,SAN,2016-17
Shot Chart Detail,1021600117,370,200673,Monique Currie,1611661319,San Antonio Stars,4,5,11,Missed Shot,Jump Shot,2PT Field Goal,Mid-Range,Right Side Center(RC),16-24 ft.,19.0,132.0,138.0,1,0,20160710,NYL,SAN,2016-17
Shot Chart Detail,1021600117,402,200673,Monique Currie,1611661319,San Antonio Stars,4,2,6,Missed Shot,Jump Shot,2PT Field Goal,Mid-Range,Left Side(L),8-16 ft.,12.0,-125.0,-5.0,1,0,20160710,NYL,SAN,2016-17
Shot Chart Detail,1021600117,414,200673,Monique Currie,1611661319,San Antonio Stars,4,1,36,Missed Shot,Jump Shot,2PT Field Goal,Mid-Range,Left Side Center(LC),16-24 ft.,18.0,-106.0,156.0,1,0,20160710,NYL,SAN,2016-17
Shot Chart Detail,1021600117,422,200673,Monique Currie,1611661319,San Antonio Stars,4,0,47,Missed Shot,Reverse Layup Shot,2PT Field Goal,Restricted Area,Center(C),Less Than 8 ft.,2.0,23.0,0.0,1,0,20160710,NYL,SAN,2016-17
Shot Chart Detail,1021600117,428,200673,Monique Currie,1611661319,San Antonio Stars,4,0,3,Made Shot,Driving Hook Shot,2PT Field Goal,In The Paint (Non-RA),Center(C),Less Than 8 ft.,4.0,1.0,45.0,1,1,20160710,NYL,SAN,2016-17
Shot Chart Detail,1021600121,7,200673,Monique Currie,1611661319,San Antonio Stars,1,8,47,Made Shot,Jump Shot,2PT Field Goal,Mid-Range,Right Side Center(RC),16-24 ft.,17.0,64.0,160.0,1,1,20160712,SAN,MIN,2016-17
Shot Chart Detail,1021600121,13,200673,Monique Currie,1611661319,San Antonio Stars,1,8,3,Missed Shot,Turnaround Jump Shot,2PT Field Goal,Mid-Range,Left Side(L),8-16 ft.,14.0,-128.0,60.0,1,0,20160712,SAN,MIN,2016-17
Shot Chart Detail,1021600121,22,200673,Monique Currie,1611661319,San Antonio Stars,1,6,40,Made Shot,Jump Shot,2PT Field Goal,Mid-Range,Center(C),16-24 ft.,16.0,23.0,159.0,1,1,20160712,SAN,MIN,2016-17
Shot Chart Detail,1021600121,108,200673,Monique Currie,1611661319,San Antonio Stars,2,7,22,Missed Shot,Pullup Jump shot,2PT Field Goal,In The Paint (Non-RA),Center(C),8-16 ft.,13.0,-59.0,118.0,1,0,20160712,SAN,MIN,2016-17
Shot Chart Detail,1021600121,114,200673,Monique Currie,1611661319,San Antonio Stars,2,6,24,Missed Shot,Turnaround Jump Shot,2PT Field Goal,In The Paint (Non-RA),Left Side(L),8-16 ft.,8.0,-79.0,39.0,1,0,20160712,SAN,MIN,2016-17
Shot Chart Detail,1021600121,126,200673,Monique Currie,1611661319,San Antonio Stars,2,5,38,Made Shot,Jump Shot,2PT Field Goal,In The Paint (Non-RA),Center(C),8-16 ft.,11.0,0.0,112.0,1,1,20160712,SAN,MIN,2016-17
Shot Chart Detail,1021600121,131,200673,Monique Currie,1611661319,San Antonio Stars,2,4,54,Missed Shot,Jump Shot,3PT Field Goal,Above the Break 3,Right Side Center(RC),16-24 ft.,23.0,190.0,142.0,1,0,20160712,SAN,MIN,2016-17
Shot Chart Detail,1021600121,209,200673,Monique Currie,1611661319,San Antonio Stars,3,8,37,Made Shot,Jump Shot,2PT Field Goal,Mid-Range,Center(C),16-24 ft.,16.0,-38.0,162.0,1,1,20160712,SAN,MIN,2016-17
Shot Chart Detail,1021600121,241,200673,Monique Currie,1611661319,San Antonio Stars,3,4,38,Missed Shot,Jump Shot,3PT Field Goal,Above the Break 3,Center(C),24+ ft.,23.0,-7.0,239.0,1,0,20160712,SAN,MIN,2016-17
Shot Chart Detail,1021600121,246,200673,Monique Currie,1611661319,San Antonio Stars,3,3,50,Made Shot,Layup Shot,2PT Field Goal,Restricted Area,Center(C),Less Than 8 ft.,0.0,-7.0,3.0,1,1,20160712,SAN,MIN,2016-17
Shot Chart Detail,1021600131,21,200673,Monique Currie,1611661319,San Antonio Stars,1,7,11,Missed Shot,Jump Shot,2PT Field Goal,Mid-Range,Left Side Center(LC),16-24 ft.,19.0,-90.0,176.0,1,0,20160716,PHO,SAN,2016-17
Shot Chart Detail,1021600131,39,200673,Monique Currie,1611661319,San Antonio Stars,1,5,16,Made Shot,Jump Shot,3PT Field Goal,Above the Break 3,Left Side Center(LC),24+ ft.,23.0,-217.0,97.0,1,1,20160716,PHO,SAN,2016-17
Shot Chart Detail,1021600131,41,200673,Monique Currie,1611661319,San Antonio Stars,1,4,58,Missed Shot,Driving Layup Shot,2PT Field Goal,Restricted Area,Center(C),Less Than 8 ft.,1.0,18.0,7.0,1,0,20160716,PHO,SAN,2016-17
Shot Chart Detail,1021600131,56,200673,Monique Currie,1611661319,San Antonio Stars,1,2,48,Made Shot,Jump Shot,2PT Field Goal,Mid-Range,Center(C),16-24 ft.,16.0,40.0,160.0,1,1,20160716,PHO,SAN,2016-17
Shot Chart Detail,1021600131,108,200673,Monique Currie,1611661319,San Antonio Stars,2,7,4,Missed Shot,Jump Shot,2PT Field Goal,Mid-Range,Center(C),16-24 ft.,16.0,-15.0,164.0,1,0,20160716,PHO,SAN,2016-17
Shot Chart Detail,1021600131,129,200673,Monique Currie,1611661319,San Antonio Stars,2,5,59,Made Shot,Jump Shot,2PT Field Goal,Mid-Range,Right Side(R),16-24 ft.,16.0,140.0,86.0,1,1,20160716,PHO,SAN,2016-17
Shot Chart Detail,1021600131,136,200673,Monique Currie,1611661319,San Antonio Stars,2,4,37,Missed Shot,Jump Shot,2PT Field Goal,Mid-Range,Left Side(L),16-24 ft.,17.0,-177.0,17.0,1,0,20160716,PHO,SAN,2016-17
Shot Chart Detail,1021600131,150,200673,Monique Currie,1611661319,San Antonio Stars,2,3,11,Made Shot,Pullup Jump shot,2PT Field Goal,Mid-Range,Center(C),16-24 ft.,18.0,53.0,175.0,1,1,20160716,PHO,SAN,2016-17
Shot Chart Detail,1021600131,201,200673,Monique Currie,1611661319,San Antonio Stars,3,9,22,Missed Shot,Turnaround Jump Shot,2PT Field Goal,Mid-Range,Right Side(R),8-16 ft.,12.0,121.0,-2.0,1,0,20160716,PHO,SAN,2016-17
Shot Chart Detail,1021600131,218,200673,Monique Currie,1611661319,San Antonio Stars,3,6,54,Made Shot,Jump Shot,3PT Field Goal,Above the Break 3,Right Side Center(RC),16-24 ft.,23.0,189.0,143.0,1,1,20160716,PHO,SAN,2016-17
Shot Chart Detail,1021600131,235,200673,Monique Currie,1611661319,San Antonio Stars,3,4,36,Missed Shot,Jump Shot,2PT Field Goal,Restricted Area,Center(C),Less Than 8 ft.,3.0,-35.0,17.0,1,0,20160716,PHO,SAN,2016-17
Shot Chart Detail,1021600131,318,200673,Monique Currie,1611661319,San Antonio Stars,4,5,45,Missed Shot,Jump Shot,2PT Field Goal,Mid-Range,Center(C),8-16 ft.,14.0,9.0,148.0,1,0,20160716,PHO,SAN,2016-17
Shot Chart Detail,1021600141,6,200673,Monique Currie,1611661319,San Antonio Stars,1,9,3,Missed Shot,Jump Shot,3PT Field Goal,Above the Break 3,Right Side Center(RC),16-24 ft.,23.0,135.0,195.0,1,0,20160720,SEA,SAN,2016-17
Shot Chart Detail,1021600141,21,200673,Monique Currie,1611661319,San Antonio Stars,1,7,41,Missed Shot,Jump Shot,2PT Field Goal,Mid-Range,Left Side(L),16-24 ft.,20.0,-190.0,63.0,1,0,20160720,SEA,SAN,2016-17
Shot Chart Detail,1021600141,33,200673,Monique Currie,1611661319,San Antonio Stars,1,6,39,Missed Shot,Jump Shot,3PT Field Goal,Above the Break 3,Right Side(R),16-24 ft.,23.0,204.0,119.0,1,0,20160720,SEA,SAN,2016-17
Shot Chart Detail,1021600141,180,200673,Monique Currie,1611661319,San Antonio Stars,2,3,11,Made Shot,Jump Shot,2PT Field Goal,Mid-Range,Left Side(L),16-24 ft.,19.0,-174.0,82.0,1,1,20160720,SEA,SAN,2016-17
Shot Chart Detail,1021600141,225,200673,Monique Currie,1611661319,San Antonio Stars,3,8,44,Made Shot,Jump Shot,2PT Field Goal,Mid-Range,Center(C),16-24 ft.,16.0,40.0,165.0,1,1,20160720,SEA,SAN,2016-17
Shot Chart Detail,1021600141,230,200673,Monique Currie,1611661319,San Antonio Stars,3,7,27,Made Shot,Jump Shot,2PT Field Goal,Mid-Range,Right Side Center(RC),16-24 ft.,18.0,140.0,124.0,1,1,20160720,SEA,SAN,2016-17
Shot Chart Detail,1021600141,232,200673,Monique Currie,1611661319,San Antonio Stars,3,7,1,Missed Shot,Jump Shot,2PT Field Goal,Mid-Range,Right Side Center(RC),16-24 ft.,21.0,78.0,195.0,1,0,20160720,SEA,SAN,2016-17
Shot Chart Detail,1021600141,235,200673,Monique Currie,1611661319,San Antonio Stars,3,6,40,Made Shot,Jump Shot,2PT Field Goal,Mid-Range,Left Side Center(LC),16-24 ft.,17.0,-138.0,108.0,1,1,20160720,SEA,SAN,2016-17
Shot Chart Detail,1021600141,267,200673,Monique Currie,1611661319,San Antonio Stars,3,3,27,Missed Shot,Jump Shot,3PT Field Goal,Above the Break 3,Left Side(L),16-24 ft.,23.0,-220.0,88.0,1,0,20160720,SEA,SAN,2016-17
Shot Chart Detail,1021600148,8,200673,Monique Currie,1611661319,San Antonio Stars,1,9,6,Made Shot,Pullup Jump shot,2PT Field Goal,Mid-Range,Left Side(L),8-16 ft.,14.0,-112.0,91.0,1,1,20160826,SAN,NYL,2016-17
Shot Chart Detail,1021600148,26,200673,Monique Currie,1611661319,San Antonio Stars,1,7,16,Missed Shot,Jump Shot,2PT Field Goal,Mid-Range,Right Side Center(RC),16-24 ft.,17.0,59.0,160.0,1,0,20160826,SAN,NYL,2016-17
Shot Chart Detail,1021600148,180,200673,Monique Currie,1611661319,San Antonio Stars,2,2,25,Missed Shot,Jump Shot,2PT Field Goal,Mid-Range,Right Side Center(RC),16-24 ft.,17.0,133.0,115.0,1,0,20160826,SAN,NYL,2016-17
Shot Chart Detail,1021600148,186,200673,Monique Currie,1611661319,San Antonio Stars,2,1,59,Missed Shot,Reverse Layup Shot,2PT Field Goal,Restricted Area,Center(C),Less Than 8 ft.,1.0,-2.0,11.0,1,0,20160826,SAN,NYL,2016-17
Shot Chart Detail,1021600148,218,200673,Monique Currie,1611661319,San Antonio Stars,3,9,39,Made Shot,Pullup Jump shot,2PT Field Goal,Mid-Range,Center(C),8-16 ft.,14.0,-11.0,145.0,1,1,20160826,SAN,NYL,2016-17
Shot Chart Detail,1021600148,226,200673,Monique Currie,1611661319,San Antonio Stars,3,8,10,Missed Shot,Jump Shot,2PT Field Goal,Mid-Range,Left Side(L),16-24 ft.,16.0,-166.0,4.0,1,0,20160826,SAN,NYL,2016-17
Shot Chart Detail,1021600148,234,200673,Monique Currie,1611661319,San Antonio Stars,3,7,23,Made Shot,Layup Shot,2PT Field Goal,Restricted Area,Center(C),Less Than 8 ft.,0.0,-4.0,7.0,1,1,20160826,SAN,NYL,2016-17
Shot Chart Detail,1021600148,263,200673,Monique Currie,1611661319,San Antonio Stars,3,5,11,Missed Shot,Jump Shot,3PT Field Goal,Above the Break 3,Center(C),24+ ft.,24.0,-10.0,241.0,1,0,20160826,SAN,NYL,2016-17
Shot Chart Detail,1021600148,275,200673,Monique Currie,1611661319,San Antonio Stars,3,4,33,Missed Shot,Reverse Layup Shot,2PT Field Goal,Restricted Area,Center(C),Less Than 8 ft.,1.0,-15.0,4.0,1,0,20160826,SAN,NYL,2016-17
Shot Chart Detail,1021600148,389,200673,Monique Currie,1611661319,San Antonio Stars,4,4,37,Made Shot,Layup Shot,2PT Field Goal,Restricted Area,Center(C),Less Than 8 ft.,0.0,7.0,-5.0,1,1,20160826,SAN,NYL,2016-17
Shot Chart Detail,1021600148,436,200673,Monique Currie,1611661319,San Antonio Stars,4,2,23,Missed Shot,Jump Shot,2PT Field Goal,Mid-Range,Left Side(L),16-24 ft.,16.0,-144.0,71.0,1,0,20160826,SAN,NYL,2016-17
Shot Chart Detail,1021600156,12,200673,Monique Currie,1611661319,San Antonio Stars,1,8,27,Made Shot,Jump Shot,2PT Field Goal,Mid-Range,Left Side(L),8-16 ft.,15.0,-106.0,112.0,1,1,20160828,WAS,SAN,2016-17
Shot Chart Detail,1021600156,14,200673,Monique Currie,1611661319,San Antonio Stars,1,7,55,Missed Shot,Jump Shot,2PT Field Goal,Mid-Range,Right Side(R),8-16 ft.,9.0,89.0,23.0,1,0,20160828,WAS,SAN,2016-17
Shot Chart Detail,1021600156,37,200673,Monique Currie,1611661319,San Antonio Stars,1,6,0,Made Shot,Jump Shot,2PT Field Goal,Mid-Range,Left Side(L),8-16 ft.,14.0,-109.0,102.0,1,1,20160828,WAS,SAN,2016-17
Shot Chart Detail,1021600156,64,200673,Monique Currie,1611661319,San Antonio Stars,1,3,27,Missed Shot,Jump Shot,3PT Field Goal,Above the Break 3,Left Side Center(LC),24+ ft.,24.0,-215.0,113.0,1,0,20160828,WAS,SAN,2016-17
Shot Chart Detail,1021600156,149,200673,Monique Currie,1611661319,San Antonio Stars,2,7,32,Made Shot,Driving Bank shot,2PT Field Goal,Restricted Area,Center(C),Less Than 8 ft.,3.0,2.0,39.0,1,1,20160828,WAS,SAN,2016-17
Shot Chart Detail,1021600156,167,200673,Monique Currie,1611661319,San Antonio Stars,2,6,22,Missed Shot,Jump Shot,3PT Field Goal,Above the Break 3,Right Side Center(RC),24+ ft.,24.0,125.0,214.0,1,0,20160828,WAS,SAN,2016-17
Shot Chart Detail,1021600156,195,200673,Monique Currie,1611661319,San Antonio Stars,2,4,12,Missed Shot,Layup Shot,2PT Field Goal,Restricted Area,Center(C),Less Than 8 ft.,1.0,-7.0,12.0,1,0,20160828,WAS,SAN,2016-17
Shot Chart Detail,1021600156,264,200673,Monique Currie,1611661319,San Antonio Stars,2,0,20,Made Shot,Driving Finger Roll Layup Shot,2PT Field Goal,Restricted Area,Center(C),Less Than 8 ft.,2.0,23.0,-2.0,1,1,20160828,WAS,SAN,2016-17
Shot Chart Detail,1021600156,302,200673,Monique Currie,1611661319,San Antonio Stars,3,7,35,Made Shot,Pullup Jump shot,2PT Field Goal,Mid-Range,Left Side(L),8-16 ft.,15.0,-149.0,48.0,1,1,20160828,WAS,SAN,2016-17
Shot Chart Detail,1021600156,408,200673,Monique Currie,1611661319,San Antonio Stars,4,9,36,Missed Shot,Jump Shot,2PT Field Goal,Mid-Range,Left Side(L),8-16 ft.,13.0,-95.0,97.0,1,0,20160828,WAS,SAN,2016-17
Shot Chart Detail,1021600156,415,200673,Monique Currie,1611661319,San Antonio Stars,4,8,58,Missed Shot,Jump Shot,3PT Field Goal,Above the Break 3,Center(C),24+ ft.,25.0,-49.0,249.0,1,0,20160828,WAS,SAN,2016-17
Shot Chart Detail,1021600156,448,200673,Monique Currie,1611661319,San Antonio Stars,4,5,58,Made Shot,Layup Shot,2PT Field Goal,Restricted Area,Center(C),Less Than 8 ft.,0.0,-8.0,0.0,1,1,20160828,WAS,SAN,2016-17
Shot Chart Detail,1021600156,491,200673,Monique Currie,1611661319,San Antonio Stars,4,1,26,Missed Shot,Layup Shot,2PT Field Goal,Restricted Area,Center(C),Less Than 8 ft.,2.0,-16.0,22.0,1,0,20160828,WAS,SAN,2016-17
Shot Chart Detail,1021600158,8,200673,Monique Currie,1611661319,San Antonio Stars,1,8,56,Missed Shot,Jump Shot,2PT Field Goal,In The Paint (Non-RA),Center(C),8-16 ft.,15.0,-59.0,138.0,1,0,20160830,CON,SAN,2016-17
Shot Chart Detail,1021600158,35,200673,Monique Currie,1611661319,San Antonio Stars,1,5,31,Missed Shot,Jump Shot,2PT Field Goal,Mid-Range,Left Side(L),8-16 ft.,12.0,-89.0,93.0,1,0,20160830,CON,SAN,2016-17
Shot Chart Detail,1021600158,123,200673,Monique Currie,1611661319,San Antonio Stars,2,6,30,Missed Shot,Jump Shot,2PT Field Goal,Restricted Area,Center(C),Less Than 8 ft.,3.0,32.0,-10.0,1,0,20160830,CON,SAN,2016-17
Shot Chart Detail,1021600158,222,200673,Monique Currie,1611661319,San Antonio Stars,3,9,35,Made Shot,Jump Shot,3PT Field Goal,Above the Break 3,Right Side Center(RC),16-24 ft.,22.0,154.0,168.0,1,1,20160830,CON,SAN,2016-17
Shot Chart Detail,1021600158,383,200673,Monique Currie,1611661319,San Antonio Stars,4,5,37,Made Shot,Jump Shot,2PT Field Goal,Mid-Range,Center(C),16-24 ft.,20.0,-48.0,201.0,1,1,20160830,CON,SAN,2016-17
Shot Chart Detail,1021600162,27,200673,Monique Currie,1611661319,San Antonio Stars,1,7,10,Missed Shot,Jump Shot,3PT Field Goal,Above the Break 3,Right Side(R),24+ ft.,23.0,234.0,36.0,1,0,20160901,SAN,LAS,2016-17
Shot Chart Detail,1021600162,47,200673,Monique Currie,1611661319,San Antonio Stars,1,4,19,Missed Shot,Jump Shot,2PT Field Goal,Mid-Range,Left Side(L),16-24 ft.,20.0,-205.0,19.0,1,0,20160901,SAN,LAS,2016-17
Shot Chart Detail,1021600162,124,200673,Monique Currie,1611661319,San Antonio Stars,2,5,42,Missed Shot,Jump Shot,2PT Field Goal,Mid-Range,Left Side Center(LC),16-24 ft.,16.0,-59.0,151.0,1,0,20160901,SAN,LAS,2016-17
Shot Chart Detail,1021600162,143,200673,Monique Currie,1611661319,San Antonio Stars,2,3,37,Made Shot,Driving Finger Roll Layup Shot,2PT Field Goal,Restricted Area,Center(C),Less Than 8 ft.,1.0,2.0,14.0,1,1,20160901,SAN,LAS,2016-17
Shot Chart Detail,1021600162,191,200673,Monique Currie,1611661319,San Antonio Stars,2,0,34,Missed Shot,Jump Shot,2PT Field Goal,Mid-Range,Left Side Center(LC),16-24 ft.,18.0,-86.0,164.0,1,0,20160901,SAN,LAS,2016-17
Shot Chart Detail,1021600162,203,200673,Monique Currie,1611661319,San Antonio Stars,3,8,50,Missed Shot,Jump Shot,2PT Field Goal,Mid-Range,Left Side(L),8-16 ft.,15.0,-125.0,93.0,1,0,20160901,SAN,LAS,2016-17
Shot Chart Detail,1021600162,337,200673,Monique Currie,1611661319,San Antonio Stars,4,4,47,Missed Shot,Jump Shot,2PT Field Goal,Mid-Range,Left Side(L),8-16 ft.,15.0,-138.0,66.0,1,0,20160901,SAN,LAS,2016-17
Shot Chart Detail,1021600162,357,200673,Monique Currie,1611661319,San Antonio Stars,4,2,16,Missed Shot,Pullup Jump shot,2PT Field Goal,Mid-Range,Left Side(L),8-16 ft.,14.0,-139.0,55.0,1,0,20160901,SAN,LAS,2016-17
Shot Chart Detail,1021600169,16,200673,Monique Currie,1611661319,San Antonio Stars,1,8,24,Made Shot,Jump Shot,2PT Field Goal,Mid-Range,Right Side Center(RC),16-24 ft.,21.0,102.0,189.0,1,1,20160904,CHI,SAN,2016-17
Shot Chart Detail,1021600169,19,200673,Monique Currie,1611661319,San Antonio Stars,1,7,54,Missed Shot,Cutting Layup Shot,2PT Field Goal,Restricted Area,Center(C),Less Than 8 ft.,1.0,6.0,19.0,1,0,20160904,CHI,SAN,2016-17
Shot Chart Detail,1021600169,191,200673,Monique Currie,1611661319,San Antonio Stars,2,1,29,Made Shot,Driving Reverse Layup Shot,2PT Field Goal,Restricted Area,Center(C),Less Than 8 ft.,2.0,21.0,16.0,1,1,20160904,CHI,SAN,2016-17
Shot Chart Detail,1021600169,202,200673,Monique Currie,1611661319,San Antonio Stars,2,0,32,Made Shot,Jump Shot,3PT Field Goal,Above the Break 3,Left Side(L),16-24 ft.,22.0,-204.0,94.0,1,1,20160904,CHI,SAN,2016-17
Shot Chart Detail,1021600169,210,200673,Monique Currie,1611661319,San Antonio Stars,3,9,30,Missed Shot,Jump Shot,2PT Field Goal,Mid-Range,Left Side Center(LC),16-24 ft.,20.0,-125.0,159.0,1,0,20160904,CHI,SAN,2016-17
Shot Chart Detail,1021600169,280,200673,Monique Currie,1611661319,San Antonio Stars,3,3,26,Missed Shot,Driving Layup Shot,2PT Field Goal,Restricted Area,Center(C),Less Than 8 ft.,1.0,-10.0,15.0,1,0,20160904,CHI,SAN,2016-17
Shot Chart Detail,1021600169,290,200673,Monique Currie,1611661319,San Antonio Stars,3,2,11,Missed Shot,Jump Shot,2PT Field Goal,Mid-Range,Center(C),16-24 ft.,18.0,21.0,183.0,1,0,20160904,CHI,SAN,2016-17
Shot Chart Detail,1021600169,292,200673,Monique Currie,1611661319,San Antonio Stars,3,2,2,Missed Shot,Cutting Layup Shot,2PT Field Goal,Restricted Area,Center(C),Less Than 8 ft.,1.0,-8.0,12.0,1,0,20160904,CHI,SAN,2016-17
Shot Chart Detail,1021600169,312,200673,Monique Currie,1611661319,San Antonio Stars,3,1,0,Made Shot,Jump Shot,3PT Field Goal,Above the Break 3,Left Side(L),16-24 ft.,23.0,-190.0,134.0,1,1,20160904,CHI,SAN,2016-17
Shot Chart Detail,1021600169,351,200673,Monique Currie,1611661319,San Antonio Stars,4,6,57,Missed Shot,Jump Shot,3PT Field Goal,Left Corner 3,Left Side(L),24+ ft.,23.0,-234.0,20.0,1,0,20160904,CHI,SAN,2016-17
Shot Chart Detail,1021600169,385,200673,Monique Currie,1611661319,San Antonio Stars,4,4,19,Missed Shot,Jump Shot,2PT Field Goal,In The Paint (Non-RA),Center(C),Less Than 8 ft.,5.0,-11.0,55.0,1,0,20160904,CHI,SAN,2016-17
Shot Chart Detail,1021600174,5,200673,Monique Currie,1611661319,San Antonio Stars,1,9,8,Missed Shot,Jump Shot,2PT Field Goal,Mid-Range,Left Side Center(LC),16-24 ft.,19.0,-146.0,126.0,1,0,20160906,SAN,IND,2016-17
Shot Chart Detail,1021600174,18,200673,Monique Currie,1611661319,San Antonio Stars,1,8,46,Missed Shot,Driving Layup Shot,2PT Field Goal,Restricted Area,Center(C),Less Than 8 ft.,2.0,16.0,24.0,1,0,20160906,SAN,IND,2016-17
Shot Chart Detail,1021600174,131,200673,Monique Currie,1611661319,San Antonio Stars,2,8,55,Missed Shot,Driving Finger Roll Layup Shot,2PT Field Goal,Restricted Area,Center(C),Less Than 8 ft.,3.0,32.0,14.0,1,0,20160906,SAN,IND,2016-17
Shot Chart Detail,1021600174,253,200673,Monique Currie,1611661319,San Antonio Stars,3,9,26,Made Shot,Cutting Layup Shot,2PT Field Goal,Restricted Area,Center(C),Less Than 8 ft.,3.0,-26.0,17.0,1,1,20160906,SAN,IND,2016-17
Shot Chart Detail,1021600174,287,200673,Monique Currie,1611661319,San Antonio Stars,3,6,0,Made Shot,Jump Shot,2PT Field Goal,Mid-Range,Left Side Center(LC),16-24 ft.,18.0,-100.0,151.0,1,1,20160906,SAN,IND,2016-17
Shot Chart Detail,1021600174,303,200673,Monique Currie,1611661319,San Antonio Stars,3,3,57,Missed Shot,Jump Shot,2PT Field Goal,Mid-Range,Right Side(R),8-16 ft.,15.0,102.0,118.0,1,0,20160906,SAN,IND,2016-17
Shot Chart Detail,1021600174,314,200673,Monique Currie,1611661319,San Antonio Stars,3,3,16,Missed Shot,Jump Shot,3PT Field Goal,Above the Break 3,Left Side(L),16-24 ft.,23.0,-201.0,116.0,1,0,20160906,SAN,IND,2016-17
Shot Chart Detail,1021600174,447,200673,Monique Currie,1611661319,San Antonio Stars,4,1,8,Made Shot,Jump Shot,2PT Field Goal,Mid-Range,Left Side(L),8-16 ft.,15.0,-155.0,36.0,1,1,20160906,SAN,IND,2016-17
Shot Chart Detail,1021600182,4,200673,Monique Currie,1611661319,San Antonio Stars,1,9,30,Made Shot,Pullup Jump shot,2PT Field Goal,Mid-Range,Left Side Center(LC),16-24 ft.,19.0,-89.0,168.0,1,1,20160909,SAN,DAL,2016-17
Shot Chart Detail,1021600182,9,200673,Monique Currie,1611661319,San Antonio Stars,1,8,47,Made Shot,Pullup Jump shot,2PT Field Goal,In The Paint (Non-RA),Center(C),8-16 ft.,12.0,4.0,121.0,1,1,20160909,SAN,DAL,2016-17
Shot Chart Detail,1021600182,15,200673,Monique Currie,1611661319,San Antonio Stars,1,8,8,Missed Shot,Jump Shot,3PT Field Goal,Above the Break 3,Left Side Center(LC),24+ ft.,24.0,-147.0,190.0,1,0,20160909,SAN,DAL,2016-17
Shot Chart Detail,1021600182,21,200673,Monique Currie,1611661319,San Antonio Stars,1,7,3,Missed Shot,Pullup Jump shot,2PT Field Goal,Mid-Range,Right Side Center(RC),16-24 ft.,19.0,65.0,179.0,1,0,20160909,SAN,DAL,2016-17
Shot Chart Detail,1021600182,43,200673,Monique Currie,1611661319,San Antonio Stars,1,4,41,Made Shot,Layup Shot,2PT Field Goal,Restricted Area,Center(C),Less Than 8 ft.,1.0,13.0,4.0,1,1,20160909,SAN,DAL,2016-17
Shot Chart Detail,1021600182,158,200673,Monique Currie,1611661319,San Antonio Stars,2,5,13,Missed Shot,Jump Shot,2PT Field Goal,Mid-Range,Right Side Center(RC),16-24 ft.,18.0,108.0,156.0,1,0,20160909,SAN,DAL,2016-17
Shot Chart Detail,1021600182,242,200673,Monique Currie,1611661319,San Antonio Stars,3,9,32,Missed Shot,Jump Shot,2PT Field Goal,Mid-Range,Right Side Center(RC),16-24 ft.,17.0,97.0,145.0,1,0,20160909,SAN,DAL,2016-17
Shot Chart Detail,1021600182,460,200673,Monique Currie,1611661319,San Antonio Stars,4,3,48,Missed Shot,Pullup Jump shot,2PT Field Goal,Mid-Range,Left Side Center(LC),16-24 ft.,17.0,-111.0,138.0,1,0,20160909,SAN,DAL,2016-17
Shot Chart Detail,1021600182,491,200673,Monique Currie,1611661319,San Antonio Stars,4,1,22,Missed Shot,Turnaround Jump Shot,2PT Field Goal,In The Paint (Non-RA),Center(C),Less Than 8 ft.,5.0,-21.0,52.0,1,0,20160909,SAN,DAL,2016-17
Shot Chart Detail,1021600186,5,200673,Monique Currie,1611661319,San Antonio Stars,1,9,16,Missed Shot,Layup Shot,2PT Field Goal,Restricted Area,Center(C),Less Than 8 ft.,0.0,0.0,9.0,1,0,20160911,SAN,MIN,2016-17
Shot Chart Detail,1021600186,17,200673,Monique Currie,1611661319,San Antonio Stars,1,7,9,Made Shot,Driving Layup Shot,2PT Field Goal,Restricted Area,Center(C),Less Than 8 ft.,0.0,-4.0,-2.0,1,1,20160911,SAN,MIN,2016-17
Shot Chart Detail,1021600186,38,200673,Monique Currie,1611661319,San Antonio Stars,1,4,42,Missed Shot,Layup Shot,2PT Field Goal,Restricted Area,Center(C),Less Than 8 ft.,1.0,6.0,14.0,1,0,20160911,SAN,MIN,2016-17
Shot Chart Detail,1021600186,48,200673,Monique Currie,1611661319,San Antonio Stars,1,4,21,Missed Shot,Jump Shot,2PT Field Goal,In The Paint (Non-RA),Center(C),Less Than 8 ft.,7.0,73.0,11.0,1,0,20160911,SAN,MIN,2016-17
Shot Chart Detail,1021600186,154,200673,Monique Currie,1611661319,San Antonio Stars,2,7,10,Made Shot,Jump Shot,2PT Field Goal,Mid-Range,Right Side Center(RC),16-24 ft.,20.0,146.0,140.0,1,1,20160911,SAN,MIN,2016-17
Shot Chart Detail,1021600186,180,200673,Monique Currie,1611661319,San Antonio Stars,2,5,9,Missed Shot,Jump Shot,2PT Field Goal,Mid-Range,Center(C),16-24 ft.,16.0,-8.0,162.0,1,0,20160911,SAN,MIN,2016-17
Shot Chart Detail,1021600186,200,200673,Monique Currie,1611661319,San Antonio Stars,2,3,13,Made Shot,Step Back Jump shot,2PT Field Goal,In The Paint (Non-RA),Right Side(R),8-16 ft.,10.0,67.0,83.0,1,1,20160911,SAN,MIN,2016-17
Shot Chart Detail,1021600186,284,200673,Monique Currie,1611661319,San Antonio Stars,3,6,17,Made Shot,Jump Shot,2PT Field Goal,Mid-Range,Left Side Center(LC),16-24 ft.,16.0,-122.0,110.0,1,1,20160911,SAN,MIN,2016-17
Shot Chart Detail,1021600186,303,200673,Monique Currie,1611661319,San Antonio Stars,3,4,56,Made Shot,Layup Shot,2PT Field Goal,Restricted Area,Center(C),Less Than 8 ft.,1.0,1.0,17.0,1,1,20160911,SAN,MIN,2016-17
Shot Chart Detail,1021600186,311,200673,Monique Currie,1611661319,San Antonio Stars,3,4,28,Missed Shot,Jump Shot,2PT Field Goal,Mid-Range,Left Side(L),16-24 ft.,20.0,-168.0,118.0,1,0,20160911,SAN,MIN,2016-17
Shot Chart Detail,1021600186,404,200673,Monique Currie,1611661319,San Antonio Stars,4,6,59,Missed Shot,Layup Shot,2PT Field Goal,Restricted Area,Center(C),Less Than 8 ft.,2.0,-24.0,9.0,1,0,20160911,SAN,MIN,2016-17
Shot Chart Detail,1021600186,406,200673,Monique Currie,1611661319,San Antonio Stars,4,6,54,Made Shot,Jump Shot,2PT Field Goal,Mid-Range,Right Side(R),16-24 ft.,19.0,190.0,-13.0,1,1,20160911,SAN,MIN,2016-17
Shot Chart Detail,1021600186,459,200673,Monique Currie,1611661319,San Antonio Stars,4,1,38,Made Shot,Jump Shot,3PT Field Goal,Above the Break 3,Right Side Center(RC),24+ ft.,24.0,174.0,175.0,1,1,20160911,SAN,MIN,2016-17
Shot Chart Detail,1021600186,481,200673,Monique Currie,1611661319,San Antonio Stars,4,0,10,Missed Shot,Jump Bank Shot,2PT Field Goal,Mid-Range,Center(C),8-16 ft.,14.0,-32.0,145.0,1,0,20160911,SAN,MIN,2016-17
Shot Chart Detail,1021600191,16,200673,Monique Currie,1611661319,San Antonio Stars,1,8,54,Missed Shot,Step Back Jump shot,2PT Field Goal,Mid-Range,Right Side(R),16-24 ft.,19.0,180.0,75.0,1,0,20160913,ATL,SAN,2016-17
Shot Chart Detail,1021600191,27,200673,Monique Currie,1611661319,San Antonio Stars,1,7,59,Made Shot,Pullup Jump shot,2PT Field Goal,Mid-Range,Left Side Center(LC),16-24 ft.,20.0,-90.0,185.0,1,1,20160913,ATL,SAN,2016-17
Shot Chart Detail,1021600191,50,200673,Monique Currie,1611661319,San Antonio Stars,1,5,34,Missed Shot,Pullup Jump shot,2PT Field Goal,Mid-Range,Center(C),16-24 ft.,19.0,27.0,197.0,1,0,20160913,ATL,SAN,2016-17
Shot Chart Detail,1021600191,208,200673,Monique Currie,1611661319,San Antonio Stars,2,2,8,Missed Shot,Jump Shot,3PT Field Goal,Above the Break 3,Left Side Center(LC),16-24 ft.,22.0,-171.0,142.0,1,0,20160913,ATL,SAN,2016-17
Shot Chart Detail,1021600191,255,200673,Monique Currie,1611661319,San Antonio Stars,3,6,50,Made Shot,Pullup Jump shot,2PT Field Goal,In The Paint (Non-RA),Center(C),8-16 ft.,11.0,-53.0,106.0,1,1,20160913,ATL,SAN,2016-17
Shot Chart Detail,1021600191,415,200673,Monique Currie,1611661319,San Antonio Stars,4,4,44,Missed Shot,Jump Shot,3PT Field Goal,Above the Break 3,Left Side Center(LC),24+ ft.,24.0,-174.0,167.0,1,0,20160913,ATL,SAN,2016-17
Shot Chart Detail,1021600191,419,200673,Monique Currie,1611661319,San Antonio Stars,4,4,12,Missed Shot,Jump Shot,3PT Field Goal,Above the Break 3,Left Side Center(LC),16-24 ft.,23.0,-139.0,187.0,1,0,20160913,ATL,SAN,2016-17
Shot Chart Detail,1021600191,442,200673,Monique Currie,1611661319,San Antonio Stars,4,2,48,Missed Shot,Jump Shot,3PT Field Goal,Above the Break 3,Left Side(L),16-24 ft.,23.0,-213.0,94.0,1,0,20160913,ATL,SAN,2016-17
Shot Chart Detail,1021600199,12,200673,Monique Currie,1611661319,San Antonio Stars,1,8,21,Made Shot,Pullup Jump shot,2PT Field Goal,Mid-Range,Right Side(R),16-24 ft.,16.0,147.0,71.0,1,1,20160916,LAS,SAN,2016-17
Shot Chart Detail,1021600199,27,200673,Monique Currie,1611661319,San Antonio Stars,1,6,18,Missed Shot,Jump Shot,2PT Field Goal,Mid-Range,Center(C),16-24 ft.,19.0,-48.0,194.0,1,0,20160916,LAS,SAN,2016-17
Shot Chart Detail,1021600199,31,200673,Monique Currie,1611661319,San Antonio Stars,1,6,3,Missed Shot,Layup Shot,2PT Field Goal,Restricted Area,Center(C),Less Than 8 ft.,1.0,15.0,0.0,1,0,20160916,LAS,SAN,2016-17
Shot Chart Detail,1021600199,39,200673,Monique Currie,1611661319,San Antonio Stars,1,5,10,Made Shot,Pullup Jump shot,2PT Field Goal,Mid-Range,Left Side(L),8-16 ft.,15.0,-157.0,28.0,1,1,20160916,LAS,SAN,2016-17
Shot Chart Detail,1021600199,159,200673,Monique Currie,1611661319,San Antonio Stars,2,4,47,Missed Shot,Jump Shot,3PT Field Goal,Above the Break 3,Right Side Center(RC),24+ ft.,24.0,173.0,176.0,1,0,20160916,LAS,SAN,2016-17
Shot Chart Detail,1021600199,192,200673,Monique Currie,1611661319,San Antonio Stars,2,0,52,Made Shot,Jump Shot,2PT Field Goal,Mid-Range,Center(C),16-24 ft.,19.0,-30.0,189.0,1,1,20160916,LAS,SAN,2016-17
Shot Chart Detail,1021600199,212,200673,Monique Currie,1611661319,San Antonio Stars,3,8,56,Missed Shot,Layup Shot,2PT Field Goal,Restricted Area,Center(C),Less Than 8 ft.,1.0,-10.0,-3.0,1,0,20160916,LAS,SAN,2016-17
Shot Chart Detail,1021600199,231,200673,Monique Currie,1611661319,San Antonio Stars,3,6,59,Made Shot,Pullup Jump shot,2PT Field Goal,Mid-Range,Left Side(L),8-16 ft.,15.0,-144.0,66.0,1,1,20160916,LAS,SAN,2016-17
Shot Chart Detail,1021600199,236,200673,Monique Currie,1611661319,San Antonio Stars,3,5,56,Made Shot,Driving Layup Shot,2PT Field Goal,Restricted Area,Center(C),Less Than 8 ft.,1.0,-11.0,3.0,1,1,20160916,LAS,SAN,2016-17
Shot Chart Detail,1021600199,283,200673,Monique Currie,1611661319,San Antonio Stars,3,2,53,Made Shot,Jump Shot,3PT Field Goal,Above the Break 3,Left Side Center(LC),16-24 ft.,23.0,-122.0,195.0,1,1,20160916,LAS,SAN,2016-17
Shot Chart Detail,1021600199,311,200673,Monique Currie,1611661319,San Antonio Stars,3,0,8,Missed Shot,Jump Shot,2PT Field Goal,Mid-Range,Right Side(R),16-24 ft.,20.0,192.0,64.0,1,0,20160916,LAS,SAN,2016-17
Shot Chart Detail,1021600199,371,200673,Monique Currie,1611661319,San Antonio Stars,4,5,10,Missed Shot,Jump Shot,2PT Field Goal,Mid-Range,Left Side Center(LC),16-24 ft.,17.0,-60.0,167.0,1,0,20160916,LAS,SAN,2016-17
Shot Chart Detail,1021600199,421,200673,Monique Currie,1611661319,San Antonio Stars,4,0,31,Missed Shot,Jump Shot,2PT Field Goal,Mid-Range,Right Side(R),8-16 ft.,15.0,118.0,94.0,1,0,20160916,LAS,SAN,2016-17
Shot Chart Detail,1021600203,3,200673,Monique Currie,1611661319,San Antonio Stars,1,9,22,Made Shot,Jump Shot,2PT Field Goal,Mid-Range,Left Side(L),8-16 ft.,13.0,-136.0,33.0,1,1,20160918,SAN,PHO,2016-17
Shot Chart Detail,1021600203,6,200673,Monique Currie,1611661319,San Antonio Stars,1,8,58,Made Shot,Jump Shot,2PT Field Goal,Mid-Range,Right Side(R),8-16 ft.,15.0,157.0,11.0,1,1,20160918,SAN,PHO,2016-17
Shot Chart Detail,1021600203,20,200673,Monique Currie,1611661319,San Antonio Stars,1,6,53,Missed Shot,Jump Shot,2PT Field Goal,Mid-Range,Right Side(R),16-24 ft.,16.0,149.0,66.0,1,0,20160918,SAN,PHO,2016-17
Shot Chart Detail,1021600203,145,200673,Monique Currie,1611661319,San Antonio Stars,2,7,16,Made Shot,Jump Shot,2PT Field Goal,Mid-Range,Left Side Center(LC),16-24 ft.,18.0,-142.0,119.0,1,1,20160918,SAN,PHO,2016-17
Shot Chart Detail,1021600203,161,200673,Monique Currie,1611661319,San Antonio Stars,2,5,40,Made Shot,Step Back Jump shot,2PT Field Goal,Mid-Range,Left Side(L),8-16 ft.,14.0,-147.0,28.0,1,1,20160918,SAN,PHO,2016-17
Shot Chart Detail,1021600203,166,200673,Monique Currie,1611661319,San Antonio Stars,2,5,6,Missed Shot,Jump Shot,3PT Field Goal,Above the Break 3,Right Side Center(RC),24+ ft.,24.0,196.0,145.0,1,0,20160918,SAN,PHO,2016-17
Shot Chart Detail,1021600203,181,200673,Monique Currie,1611661319,San Antonio Stars,2,4,4,Made Shot,Jump Shot,2PT Field Goal,Mid-Range,Center(C),16-24 ft.,19.0,15.0,195.0,1,1,20160918,SAN,PHO,2016-17
Shot Chart Detail,1021600203,245,200673,Monique Currie,1611661319,San Antonio Stars,3,7,55,Made Shot,Jump Shot,2PT Field Goal,Mid-Range,Left Side Center(LC),16-24 ft.,19.0,-95.0,170.0,1,1,20160918,SAN,PHO,2016-17
Shot Chart Detail,1021600203,250,200673,Monique Currie,1611661319,San Antonio Stars,3,7,20,Made Shot,Jump Shot,3PT Field Goal,Above the Break 3,Right Side Center(RC),16-24 ft.,22.0,94.0,209.0,1,1,20160918,SAN,PHO,2016-17
Shot Chart Detail,1021600203,270,200673,Monique Currie,1611661319,San Antonio Stars,3,5,24,Missed Shot,Jump Shot,2PT Field Goal,Restricted Area,Center(C),Less Than 8 ft.,3.0,31.0,6.0,1,0,20160918,SAN,PHO,2016-17
Shot Chart Detail,1021600203,279,200673,Monique Currie,1611661319,San Antonio Stars,3,4,27,Missed Shot,Jump Shot,2PT Field Goal,Mid-Range,Center(C),16-24 ft.,21.0,4.0,214.0,1,0,20160918,SAN,PHO,2016-17
Shot Chart Detail,1021600203,367,200673,Monique Currie,1611661319,San Antonio Stars,4,4,34,Missed Shot,Jump Shot,3PT Field Goal,Above the Break 3,Left Side Center(LC),16-24 ft.,23.0,-108.0,209.0,1,0,20160918,SAN,PHO,2016-17
